<?xml version="1.0" encoding="utf-8" ?>
<dwsync>
<file name="font-awesome.scss" server="www.devisio.ro//public_html/" local="130281052320000000" remote="130370505000000000" />
<file name="_bordered-pulled.scss" server="www.devisio.ro//public_html/" local="130281052320000000" remote="130370505000000000" />
<file name="_core.scss" server="www.devisio.ro//public_html/" local="130281052320000000" remote="130370505000000000" />
<file name="_fixed-width.scss" server="www.devisio.ro//public_html/" local="130281052320000000" remote="130370505000000000" />
<file name="_icons.scss" server="www.devisio.ro//public_html/" local="130281052320000000" remote="130370505000000000" />
<file name="_larger.scss" server="www.devisio.ro//public_html/" local="130281052320000000" remote="130370505000000000" />
<file name="_list.scss" server="www.devisio.ro//public_html/" local="130281052320000000" remote="130370505000000000" />
<file name="_mixins.scss" server="www.devisio.ro//public_html/" local="130281052320000000" remote="130370505000000000" />
<file name="_path.scss" server="www.devisio.ro//public_html/" local="130281052320000000" remote="130370505000000000" />
<file name="_rotated-flipped.scss" server="www.devisio.ro//public_html/" local="130281052320000000" remote="130370505000000000" />
<file name="_spinning.scss" server="www.devisio.ro//public_html/" local="130281052320000000" remote="130370505000000000" />
<file name="_stacked.scss" server="www.devisio.ro//public_html/" local="130281052320000000" remote="130370505000000000" />
<file name="_variables.scss" server="www.devisio.ro//public_html/" local="130281052320000000" remote="130370505000000000" />
</dwsync>