<?xml version="1.0" encoding="utf-8" ?>
<dwsync>
<file name="bordered-pulled.less" server="www.devisio.ro//public_html/" local="130281052320000000" remote="130370505000000000" />
<file name="core.less" server="www.devisio.ro//public_html/" local="130281052320000000" remote="130370505000000000" />
<file name="fixed-width.less" server="www.devisio.ro//public_html/" local="130281052320000000" remote="130370505000000000" />
<file name="font-awesome.less" server="www.devisio.ro//public_html/" local="130281052320000000" remote="130370505000000000" />
<file name="icons.less" server="www.devisio.ro//public_html/" local="130281052320000000" remote="130370505000000000" />
<file name="larger.less" server="www.devisio.ro//public_html/" local="130281052320000000" remote="130370505000000000" />
<file name="list.less" server="www.devisio.ro//public_html/" local="130281052320000000" remote="130370505000000000" />
<file name="mixins.less" server="www.devisio.ro//public_html/" local="130281052320000000" remote="130370505000000000" />
<file name="path.less" server="www.devisio.ro//public_html/" local="130281052320000000" remote="130370505000000000" />
<file name="rotated-flipped.less" server="www.devisio.ro//public_html/" local="130281052320000000" remote="130370505000000000" />
<file name="spinning.less" server="www.devisio.ro//public_html/" local="130281052320000000" remote="130370505000000000" />
<file name="stacked.less" server="www.devisio.ro//public_html/" local="130281052320000000" remote="130370505000000000" />
<file name="variables.less" server="www.devisio.ro//public_html/" local="130281052320000000" remote="130370505000000000" />
</dwsync>