<?xml version="1.0" encoding="utf-8" ?>
<dwsync>
<file name="blank.gif" server="www.devisio.ro//public_html/" local="130301298107674176" remote="130370504400000000" />
<file name="fancybox_loading.gif" server="www.devisio.ro//public_html/" local="130301298107884188" remote="130370504400000000" />
<file name="fancybox_loading@2x.gif" server="www.devisio.ro//public_html/" local="130301298108244208" remote="130370504400000000" />
<file name="fancybox_overlay.png" server="www.devisio.ro//public_html/" local="130301298108434219" remote="130370504400000000" />
<file name="fancybox_sprite.png" server="www.devisio.ro//public_html/" local="130301298108564227" remote="130370504400000000" />
<file name="fancybox_sprite@2x.png" server="www.devisio.ro//public_html/" local="130301298108734236" remote="130370504400000000" />
<file name="jquery.fancybox.css" server="www.devisio.ro//public_html/" local="130301298108834242" remote="130370504400000000" />
<file name="jquery.fancybox.js" server="www.devisio.ro//public_html/" local="130301298109084256" remote="130370504400000000" />
<file name="jquery.fancybox.pack.js" server="www.devisio.ro//public_html/" local="130301298109284268" remote="130370504400000000" />
</dwsync>